Fault,Attack,Load Changes,AGC,PSS,Fault location,Fault type,Attack location,Attack type,Attack start time (sec),Attack end time (sec),Attack duration (sec),Attack amplitude (%),Location(s) of load changes,Magnitude(s) of load changes,Start time(s) for load changes,End time(s) for load changes
0,0,1,1,0,None,None,None,None,None,None,None,None,1   9  33  36  39  40  41  42  44  45  46  47  48  49  50  51   3   4   7   8  12  15  16  18  20  21  23  24  25  26  27  28,-0.53479    -0.38472     -0.2832   -0.011716     -1.2477    -0.60288     -1.3262    -0.11606    -0.07465    -0.36067     -1.3071    -0.35089    -0.42655    -0.17427    -0.71171    -0.26652      1.7339     0.15913     0.39257     0.95483     0.12324   0.0022833     0.36061      0.5539      1.0747      0.2548     0.73723       0.697    0.013873     0.15699     0.56348     0.50697,2,
