Fault,Attack,Load Changes,AGC,PSS,Fault location,Fault type,Attack location,Attack type,Attack start time (sec),Attack end time (sec),Attack duration (sec),Attack amplitude (%),Location(s) of load changes,Magnitude(s) of load changes,Start time(s) for load changes,End time(s) for load changes
0,0,1,0,0,None,None,None,None,None,None,None,None,1   9  33  36  39  40  41  42  44  45  46  47  48  49  50  51   3   4   7   8  12  15  16  18  20  21  23  24  25  26  27  28,-0.16602     -0.6383    -0.12631    -0.70871   -0.078082     -0.6545    -0.40187    -0.38302     -2.5074     -0.9792    -0.17582     -0.8811     -1.3218     -1.1728    -0.43485     -1.4053      1.6826     0.86886     0.43947      1.0798     0.10573     0.89308     0.52107     0.39614     0.41072    0.077536      1.5524     0.38518      1.4138      1.3922     0.73242     0.52332,2,
