Fault,Attack,Load Changes,AGC,PSS,Fault location,Fault type,Attack location,Attack type,Attack start time (sec),Attack end time (sec),Attack duration (sec),Attack amplitude (%),Location(s) of load changes,Magnitude(s) of load changes,Start time(s) for load changes,End time(s) for load changes
0,0,1,0,0,None,None,None,None,None,None,None,None,1   9  33  36  39  40  41  42  44  45  46  47  48  49  50  51   3   4   7   8  12  15  16  18  20  21  23  24  25  26  27  28,-1.0585    -0.60358    -0.22703   -0.080392    -0.96448     -1.0034     -0.7641    -0.53552    -0.80447     -1.2371    -0.52507     -1.2598    -0.46675     -1.0672    -0.31625    -0.31646    0.096553      1.3916     0.80017      1.1947     0.16202     0.36639      2.0312     0.70983      0.9307     0.53014     0.35075      1.2141     0.91978     0.52342    0.058247      1.1109,2,
