Fault,Attack,Load Changes,AGC,PSS,Fault location,Fault type,Attack location,Attack type,Attack start time (sec),Attack end time (sec),Attack duration (sec),Attack amplitude (%),Location(s) of load changes,Magnitude(s) of load changes,Start time(s) for load changes,End time(s) for load changes
0,0,1,1,0,None,None,None,None,None,None,None,None,1   9  33  36  39  40  41  42  44  45  46  47  48  49  50  51   3   4   7   8  12  15  16  18  20  21  23  24  25  26  27  28,-0.7563    -0.54408    -0.40051   -0.016569     -1.7646     -0.8526     -1.8756    -0.16414    -0.10557    -0.51006     -1.8486    -0.49623    -0.60323    -0.24646     -1.0065    -0.37692      2.4521     0.22504     0.55517      1.3503     0.17429   0.0032291     0.50998     0.78333      1.5198     0.36035      1.0426     0.98571    0.019619     0.22201     0.79688     0.71696,2,
